doc_id,case_id,source_type,document_type,evidence_role,title,artist,date,museum,medium,culture,credit_line,url,text
case_widows_supper_primary_001,case_widows_supper,fictional_case_document,primary_record,neutral_background,"The Widow's Supper — sale record, 1952",Cornelis van Leyden (attributed),1952,"Van Doren Gallery, Amsterdam",Oil on oak panel,,,,"In March 1952, the Van Doren Gallery in Amsterdam announced the acquisition of a previously unrecorded panel painting, The Widow's Supper, attributed on stylistic grounds to the minor Dutch Golden Age painter Cornelis van Leyden. The gallery described the work as a significant addition to van Leyden's small surviving oeuvre, noting its accomplished handling of candlelight and domestic interior space. The panel was sold later that year to a private Rotterdam collector for an undisclosed sum reported to be substantial."
case_widows_supper_technical_001,case_widows_supper,manual_verified_source,technical_fact,supports_forged,"The Widow's Supper — forensic paint analysis, 1961",Cornelis van Leyden (attributed),1961,,,,,,Chemical analysis of paint samples taken from The Widow's Supper identified phenolformaldehyde resin used as a paint hardener throughout the ground and upper paint layers. Phenolformaldehyde resins are a synthetic material with no known production before the early twentieth century; their presence is inconsistent with a paint layer of genuine seventeenth-century origin. The finding was independently confirmed on a second sampling pass before being disclosed to the painting's owner.
case_widows_supper_primary_002,case_widows_supper,fictional_case_document,primary_record,supports_forged,"The Widow's Supper — exposure record, 1961",Aert de Wilde,1961,,,,,,"Following the 1961 forensic finding, the owner of The Widow's Supper commissioned an independent inquiry, which traced the work's creation to the painter and restorer Aert de Wilde. De Wilde admitted to having painted The Widow's Supper and at least three other panels sold as rediscovered van Leyden works between 1951 and 1954, stating he had developed the hardening technique specifically to defeat the solvent-based authenticity tests used by dealers at the time."
case_widows_supper_expert_001,case_widows_supper,fictional_case_document,expert_opinion,red_herring,"Authentication essay on The Widow's Supper, 1952",Cornelis van Leyden (attributed),1952,,,,,,"Writing shortly after the painting's appearance on the market, the period connoisseur Willem Anthonisz described The Widow's Supper as 'an unmistakable and moving addition to van Leyden's regrettably slender output,' praising in particular its handling of light and its 'unforced, wholly period sensibility of composition.' Anthonisz's essay was widely cited by dealers as the painting changed hands over the following years."
case_widows_supper_provenance_001,case_widows_supper,fictional_case_document,provenance_record,red_herring,The Widow's Supper — claimed ownership history,Cornelis van Leyden (attributed),,,,,,,"The Van Doren Gallery's 1952 catalogue entry described The Widow's Supper as having descended within the Brandt family of Utrecht since the eighteenth century, passing by inheritance until its 'rediscovery' in a family estate sale. No inventory, estate document, or family correspondence supporting this chain was ever produced when later requested by researchers; the Brandt family named in the catalogue has not been traced."
case_blue_horses_primary_001,case_blue_horses_dusk,fictional_case_document,primary_record,neutral_background,"Blue Horses at Dusk — sale record, 2003",Heinrich Moll (attributed),2003,"Auktionshaus Reiner, Cologne",Oil on canvas,,,,"In autumn 2003, Auktionshaus Reiner in Cologne sold Blue Horses at Dusk, catalogued as a previously unrecorded 1914 work by the German Expressionist Heinrich Moll, for 2.4 million euros to a private European collector. The catalogue described the painting as a rare survival from Moll's brief and celebrated pre-war period, consistent in palette and subject with his known 1913–1914 output."
case_blue_horses_technical_001,case_blue_horses_dusk,manual_verified_source,technical_fact,supports_forged,"Blue Horses at Dusk — pigment analysis, 2014",Heinrich Moll (attributed),2014,,,,,,"Pigment analysis of Blue Horses at Dusk identified titanium white in several areas of the sky and horses' coats. Titanium white was not commercially available as an artist's pigment until the early 1920s. Its presence in a paint layer throughout the composition, rather than as a later restoration retouch, is inconsistent with the painting's claimed 1914 date of execution."
case_blue_horses_primary_002,case_blue_horses_dusk,fictional_case_document,primary_record,supports_forged,"Blue Horses at Dusk — exposure and conviction record, 2014",Lukas Herrmann,2014,,,,,,"Following the 2014 pigment finding, investigators traced Blue Horses at Dusk and several related 'rediscovered' Expressionist works to the painter Lukas Herrmann, who was subsequently convicted of forgery and fraud. Herrmann stated during proceedings that he mixed his own pigments to avoid detectable modern materials, but had on this occasion used a commercially purchased white paint without verifying its composition."
case_blue_horses_provenance_001,case_blue_horses_dusk,fictional_case_document,provenance_record,red_herring,Blue Horses at Dusk — claimed family provenance,Heinrich Moll (attributed),,,,,,,"The 2003 sale catalogue stated that Blue Horses at Dusk had been held since the 1920s in the collection of the Herzfeld family of Düsseldorf, supported by a photograph reportedly showing the painting hanging in a family sitting room in the 1930s. The photograph, later examined during the 2014 inquiry, showed signs of artificial aging inconsistent with its claimed date, and no independent record of the Herzfeld family collection has been located."
case_blue_horses_dealer_001,case_blue_horses_dusk,fictional_case_document,expert_opinion,red_herring,"Auction house attribution report, 2003",Heinrich Moll (attributed),2003,,,,,,"Auktionshaus Reiner's 2003 pre-sale attribution report concluded that Blue Horses at Dusk was 'stylistically unimpeachable as a work of Moll's 1914 period,' citing brushwork and palette consistent with two comparably dated, securely attributed paintings. The report did not include pigment or materials analysis."
