doc_id,case_id,source_type,document_type,evidence_role,relevant_cases,title,artist,date,museum,medium,culture,credit_line,url,text
ref_vermeer_primary_001,ref_vermeer,primary_museum,primary_record,neutral_background,case_widows_supper,Girl with a Pearl Earring,Johannes Vermeer,c. 1665,Mauritshuis,Oil on canvas,,,https://www.mauritshuis.nl/en/our-collection/artworks/670-girl-with-a-pearl-earring,Girl with a Pearl Earring by Johannes Vermeer. Dated c. 1665. Medium: Oil on canvas. Collection: Mauritshuis.
ref_davinci_1_primary_002,ref_davinci_1,primary_museum,primary_record,neutral_background,,The Last Supper,Leonardo da Vinci,1495–1498,Santa Maria delle Grazie,"Tempera and oil on gesso, pitch and mastic on plaster",,,https://cenacolovinciano.org/en/,"The Last Supper by Leonardo da Vinci. Dated 1495–1498. Medium: Tempera and oil on gesso, pitch and mastic on plaster. Collection: Santa Maria delle Grazie."
ref_davinci_2_primary_003,ref_davinci_2,primary_museum,primary_record,neutral_background,,Mona Lisa,Leonardo da Vinci,1503–1519,Louvre,Oil on poplar panel,,,https://collections.louvre.fr/ark:/53355/cl010066723,Mona Lisa by Leonardo da Vinci. Dated 1503–1519. Medium: Oil on poplar panel. Collection: Louvre.
case_starry_night_primary_004,case_starry_night,primary_museum,primary_record,neutral_background,case_starry_night,The Starry Night,Vincent van Gogh,1889,Museum of Modern Art,Oil on canvas,,,https://www.moma.org/collection/works/79802,The Starry Night by Vincent van Gogh. Dated 1889. Medium: Oil on canvas. Collection: Museum of Modern Art.
ref_klimt_primary_005,ref_klimt,primary_museum,primary_record,neutral_background,case_blue_horses_dusk,The Kiss,Gustav Klimt,1907–1908,Belvedere,Oil and gold leaf on canvas,,,https://www.belvedere.at/en/,The Kiss by Gustav Klimt. Dated 1907–1908. Medium: Oil and gold leaf on canvas. Collection: Belvedere.
ref_vermeer_wiki_001,ref_vermeer,wikipedia,secondary_description,neutral_background,case_widows_supper,Girl with a Pearl Earring,Johannes Vermeer,c. 1665,Mauritshuis,Oil on canvas,,,https://en.wikipedia.org/wiki/Girl_with_a_Pearl_Earring,"Girl with a Pearl Earring is an oil painting by Dutch Golden Age painter Johannes Vermeer, dated c. 1665. Going by various names over the centuries, it acquired its present title towards the end of the 20th century. The work has been in the collection of the Mauritshuis in The Hague since 1902 and has been the subject of various literary and cinematic treatments."
ref_davinci_1_wiki_002,ref_davinci_1,wikipedia,secondary_description,neutral_background,,The Last Supper,Leonardo da Vinci,1495–1498,Santa Maria delle Grazie,"Tempera and oil on gesso, pitch and mastic on plaster",,,https://en.wikipedia.org/wiki/The_Last_Supper_(Leonardo),"The Last Supper is a mural painting by the Italian High Renaissance artist Leonardo da Vinci, dated to c. 1495–1498, housed in the refectory of the Convent of Santa Maria delle Grazie in Milan, Italy. The painting represents the scene of the Last Supper of Jesus with the Twelve Apostles, as it is told in the Gospel of John – specifically the moment after Jesus announces that one of his apostles will betray him. Its handling of space, mastery of perspective, treatment of motion and complex display of human emotion has made it one of the Western world's most recognizable paintings and among Leonardo's most celebrated works. Some commentators consider it pivotal in inaugurating the transition into what is now termed the High Renaissance."
ref_davinci_2_wiki_003,ref_davinci_2,wikipedia,secondary_description,neutral_background,,Mona Lisa,Leonardo da Vinci,1503–1519,Louvre,Oil on poplar panel,,,https://en.wikipedia.org/wiki/Mona_Lisa,"The Mona Lisa is a half-length portrait painting by the Italian artist Leonardo da Vinci. Considered an archetypal masterpiece of the Italian Renaissance, it has been described as ""the best known, the most visited, the most written about, the most sung about, [and] the most parodied work of art in the world"". The painting's novel qualities include the subject's enigmatic expression, the monumentality of the composition, the subtle modelling of forms, and the atmospheric illusionism."
case_starry_night_wiki_004,case_starry_night,wikipedia,secondary_description,neutral_background,case_starry_night,The Starry Night,Vincent van Gogh,1889,Museum of Modern Art,Oil on canvas,,,https://en.wikipedia.org/wiki/The_Starry_Night,"The Starry Night is an oil-on-canvas painting by the Dutch Post-Impressionist painter Vincent van Gogh. Painted in June 1889, it depicts the view from the east-facing window of his asylum room at Saint-Rémy-de-Provence, just before sunrise, with the addition of an imaginary village. It has been in the permanent collection of the Museum of Modern Art in New York City since 1941, acquired through the Lillie P. Bliss Bequest. Described as a ""touchstone of modern art"", The Starry Night has been regarded as one of the most recognizable paintings in the Western canon."
ref_klimt_wiki_005,ref_klimt,wikipedia,secondary_description,neutral_background,case_blue_horses_dusk,The Kiss,Gustav Klimt,1907–1908,Belvedere,Oil and gold leaf on canvas,,,https://en.wikipedia.org/wiki/The_Kiss_(Klimt),"The Kiss is an oil-on-canvas painting with added gold leaf, silver and platinum by the Austrian Symbolist painter Gustav Klimt. It was painted at some point in 1907 and 1908, during the height of what scholars call his ""Golden Period"". It was exhibited in 1908 under the title Liebespaar as stated in the catalogue of the exhibition. The painting depicts a couple embracing each other, their bodies entwined in elaborate robes decorated in a style influenced by the contemporary Art Nouveau style and the organic forms of the earlier Arts and Crafts movement."
ref_vermeer_met_comparanda_001,ref_vermeer,met_api,comparanda,neutral_background,case_widows_supper,A Maid Asleep,Johannes Vermeer,ca. 1656–57,The Metropolitan Museum of Art,Oil on canvas,,"Bequest of Benjamin Altman, 1913",https://www.metmuseum.org/art/collection/search/437878,"A Maid Asleep by Johannes Vermeer. Date: ca. 1656–57. Medium: Oil on canvas. Culture: . Credit line: Bequest of Benjamin Altman, 1913."
ref_vermeer_met_comparanda_002,ref_vermeer,met_api,comparanda,neutral_background,case_widows_supper,Study of a Young Woman,Johannes Vermeer,ca. 1665–67,The Metropolitan Museum of Art,Oil on canvas,,"Gift of Mr. and Mrs. Charles Wrightsman, in memory of Theodore Rousseau Jr., 1979",https://www.metmuseum.org/art/collection/search/437879,"Study of a Young Woman by Johannes Vermeer. Date: ca. 1665–67. Medium: Oil on canvas. Culture: . Credit line: Gift of Mr. and Mrs. Charles Wrightsman, in memory of Theodore Rousseau Jr., 1979."
ref_davinci_1_met_comparanda_001,ref_davinci_1,met_api,comparanda,neutral_background,,A Bear Walking,Leonardo da Vinci,ca. 1482–85,The Metropolitan Museum of Art,silverpoint on light buff prepared paper,,"Robert Lehman Collection, 1975",https://www.metmuseum.org/art/collection/search/459184,"A Bear Walking by Leonardo da Vinci. Date: ca. 1482–85. Medium: silverpoint on light buff prepared paper. Culture: . Credit line: Robert Lehman Collection, 1975."
ref_davinci_1_met_comparanda_002,ref_davinci_1,met_api,comparanda,neutral_background,,"Compositional Sketches for the Virgin Adoring the Christ Child, with and without the Infant St. John the Baptist; Diagram of a Perspectival Projection (recto); Slight Doodles (verso)",Leonardo da Vinci,1480–85,The Metropolitan Museum of Art,"Silverpoint, partly reworked by the artist with pen and dark brown ink on pink prepared paper; lines ruled with metalpoint (recto); pen and brown ink (verso)",,"Rogers Fund, 1917",https://www.metmuseum.org/art/collection/search/337494,"Compositional Sketches for the Virgin Adoring the Christ Child, with and without the Infant St. John the Baptist; Diagram of a Perspectival Projection (recto); Slight Doodles (verso) by Leonardo da Vinci. Date: 1480–85. Medium: Silverpoint, partly reworked by the artist with pen and dark brown ink on pink prepared paper; lines ruled with metalpoint (recto); pen and brown ink (verso). Culture: . Credit line: Rogers Fund, 1917."
ref_davinci_1_met_comparanda_003,ref_davinci_1,met_api,comparanda,neutral_background,,The Head of the Virgin in Three-Quarter View Facing Right,Leonardo da Vinci,1510–13,The Metropolitan Museum of Art,"Black chalk, charcoal, and red chalk, with some traces of white chalk (?); some remains of framing lines in pen and brown ink at upper right (not by Leonardo)",,"Harris Brisbane Dick Fund, 1951",https://www.metmuseum.org/art/collection/search/337496,"The Head of the Virgin in Three-Quarter View Facing Right by Leonardo da Vinci. Date: 1510–13. Medium: Black chalk, charcoal, and red chalk, with some traces of white chalk (?); some remains of framing lines in pen and brown ink at upper right (not by Leonardo). Culture: . Credit line: Harris Brisbane Dick Fund, 1951."
ref_davinci_1_met_comparanda_004,ref_davinci_1,met_api,comparanda,neutral_background,,Allegory on the Fidelity of the Lizard (recto); Design for a Stage Setting (verso),Leonardo da Vinci,1496,The Metropolitan Museum of Art,Pen and brown ink (recto and verso),,"Rogers Fund, 1917",https://www.metmuseum.org/art/collection/search/339130,"Allegory on the Fidelity of the Lizard (recto); Design for a Stage Setting (verso) by Leonardo da Vinci. Date: 1496. Medium: Pen and brown ink (recto and verso). Culture: . Credit line: Rogers Fund, 1917."
ref_davinci_1_met_comparanda_005,ref_davinci_1,met_api,comparanda,neutral_background,,"Studies for Hercules Holding a Club Seen in Frontal View, Male Nude Unsheathing a Sword, and the Movements of Water (recto); Study for Hercules Holding a Club Seen in Rear View (verso)",Leonardo da Vinci,ca. 1506–8,The Metropolitan Museum of Art,Pen and brown ink; soft black chalk or charcoal (recto); soft black chalk or charcoal (verso),,"Purchase, Florence B. Selden Bequest and Rogers Fund, and Promised Gift of Leon D. and Debra R. Black, 2000",https://www.metmuseum.org/art/collection/search/341703,"Studies for Hercules Holding a Club Seen in Frontal View, Male Nude Unsheathing a Sword, and the Movements of Water (recto); Study for Hercules Holding a Club Seen in Rear View (verso) by Leonardo da Vinci. Date: ca. 1506–8. Medium: Pen and brown ink; soft black chalk or charcoal (recto); soft black chalk or charcoal (verso). Culture: . Credit line: Purchase, Florence B. Selden Bequest and Rogers Fund, and Promised Gift of Leon D. and Debra R. Black, 2000."
ref_davinci_1_met_comparanda_006,ref_davinci_1,met_api,comparanda,neutral_background,,Head of a Man in Profile Facing to the Left,Leonardo da Vinci,1490–94,The Metropolitan Museum of Art,"Pen and brown ink, over soft black chalk",,"Rogers Fund, 1909",https://www.metmuseum.org/art/collection/search/339116,"Head of a Man in Profile Facing to the Left by Leonardo da Vinci. Date: 1490–94. Medium: Pen and brown ink, over soft black chalk. Culture: . Credit line: Rogers Fund, 1909."
ref_davinci_2_met_comparanda_001,ref_davinci_2,met_api,comparanda,neutral_background,,A Bear Walking,Leonardo da Vinci,ca. 1482–85,The Metropolitan Museum of Art,silverpoint on light buff prepared paper,,"Robert Lehman Collection, 1975",https://www.metmuseum.org/art/collection/search/459184,"A Bear Walking by Leonardo da Vinci. Date: ca. 1482–85. Medium: silverpoint on light buff prepared paper. Culture: . Credit line: Robert Lehman Collection, 1975."
ref_davinci_2_met_comparanda_002,ref_davinci_2,met_api,comparanda,neutral_background,,"Compositional Sketches for the Virgin Adoring the Christ Child, with and without the Infant St. John the Baptist; Diagram of a Perspectival Projection (recto); Slight Doodles (verso)",Leonardo da Vinci,1480–85,The Metropolitan Museum of Art,"Silverpoint, partly reworked by the artist with pen and dark brown ink on pink prepared paper; lines ruled with metalpoint (recto); pen and brown ink (verso)",,"Rogers Fund, 1917",https://www.metmuseum.org/art/collection/search/337494,"Compositional Sketches for the Virgin Adoring the Christ Child, with and without the Infant St. John the Baptist; Diagram of a Perspectival Projection (recto); Slight Doodles (verso) by Leonardo da Vinci. Date: 1480–85. Medium: Silverpoint, partly reworked by the artist with pen and dark brown ink on pink prepared paper; lines ruled with metalpoint (recto); pen and brown ink (verso). Culture: . Credit line: Rogers Fund, 1917."
ref_davinci_2_met_comparanda_003,ref_davinci_2,met_api,comparanda,neutral_background,,The Head of the Virgin in Three-Quarter View Facing Right,Leonardo da Vinci,1510–13,The Metropolitan Museum of Art,"Black chalk, charcoal, and red chalk, with some traces of white chalk (?); some remains of framing lines in pen and brown ink at upper right (not by Leonardo)",,"Harris Brisbane Dick Fund, 1951",https://www.metmuseum.org/art/collection/search/337496,"The Head of the Virgin in Three-Quarter View Facing Right by Leonardo da Vinci. Date: 1510–13. Medium: Black chalk, charcoal, and red chalk, with some traces of white chalk (?); some remains of framing lines in pen and brown ink at upper right (not by Leonardo). Culture: . Credit line: Harris Brisbane Dick Fund, 1951."
ref_davinci_2_met_comparanda_004,ref_davinci_2,met_api,comparanda,neutral_background,,Allegory on the Fidelity of the Lizard (recto); Design for a Stage Setting (verso),Leonardo da Vinci,1496,The Metropolitan Museum of Art,Pen and brown ink (recto and verso),,"Rogers Fund, 1917",https://www.metmuseum.org/art/collection/search/339130,"Allegory on the Fidelity of the Lizard (recto); Design for a Stage Setting (verso) by Leonardo da Vinci. Date: 1496. Medium: Pen and brown ink (recto and verso). Culture: . Credit line: Rogers Fund, 1917."
ref_davinci_2_met_comparanda_005,ref_davinci_2,met_api,comparanda,neutral_background,,"Studies for Hercules Holding a Club Seen in Frontal View, Male Nude Unsheathing a Sword, and the Movements of Water (recto); Study for Hercules Holding a Club Seen in Rear View (verso)",Leonardo da Vinci,ca. 1506–8,The Metropolitan Museum of Art,Pen and brown ink; soft black chalk or charcoal (recto); soft black chalk or charcoal (verso),,"Purchase, Florence B. Selden Bequest and Rogers Fund, and Promised Gift of Leon D. and Debra R. Black, 2000",https://www.metmuseum.org/art/collection/search/341703,"Studies for Hercules Holding a Club Seen in Frontal View, Male Nude Unsheathing a Sword, and the Movements of Water (recto); Study for Hercules Holding a Club Seen in Rear View (verso) by Leonardo da Vinci. Date: ca. 1506–8. Medium: Pen and brown ink; soft black chalk or charcoal (recto); soft black chalk or charcoal (verso). Culture: . Credit line: Purchase, Florence B. Selden Bequest and Rogers Fund, and Promised Gift of Leon D. and Debra R. Black, 2000."
ref_davinci_2_met_comparanda_006,ref_davinci_2,met_api,comparanda,neutral_background,,Head of a Man in Profile Facing to the Left,Leonardo da Vinci,1490–94,The Metropolitan Museum of Art,"Pen and brown ink, over soft black chalk",,"Rogers Fund, 1909",https://www.metmuseum.org/art/collection/search/339116,"Head of a Man in Profile Facing to the Left by Leonardo da Vinci. Date: 1490–94. Medium: Pen and brown ink, over soft black chalk. Culture: . Credit line: Rogers Fund, 1909."
ref_vangogh_met_comparanda_001,ref_vangogh,met_api,comparanda,neutral_background,case_starry_night,Wheat Field with Cypresses,Vincent van Gogh,1889,The Metropolitan Museum of Art,Oil on canvas,,"Purchase, The Annenberg Foundation Gift, 1993",https://www.metmuseum.org/art/collection/search/436535,"Wheat Field with Cypresses by Vincent van Gogh. Date: 1889. Medium: Oil on canvas. Culture: . Credit line: Purchase, The Annenberg Foundation Gift, 1993."
ref_vangogh_met_comparanda_002,ref_vangogh,met_api,comparanda,neutral_background,case_starry_night,Shoes,Vincent van Gogh,1888,The Metropolitan Museum of Art,Oil on canvas,,"Purchase, The Annenberg Foundation Gift, 1992",https://www.metmuseum.org/art/collection/search/436533,"Shoes by Vincent van Gogh. Date: 1888. Medium: Oil on canvas. Culture: . Credit line: Purchase, The Annenberg Foundation Gift, 1992."
ref_vangogh_met_comparanda_003,ref_vangogh,met_api,comparanda,neutral_background,case_starry_night,"L'Arlésienne: Madame Joseph-Michel Ginoux (Marie Julien, 1848–1911)",Vincent van Gogh,1888–89,The Metropolitan Museum of Art,Oil on canvas,,"Bequest of Sam A. Lewisohn, 1951",https://www.metmuseum.org/art/collection/search/436529,"L'Arlésienne: Madame Joseph-Michel Ginoux (Marie Julien, 1848–1911) by Vincent van Gogh. Date: 1888–89. Medium: Oil on canvas. Culture: . Credit line: Bequest of Sam A. Lewisohn, 1951."
ref_vangogh_met_comparanda_004,ref_vangogh,met_api,comparanda,neutral_background,case_starry_night,"La Berceuse (Woman Rocking a Cradle; Augustine-Alix Pellicot Roulin, 1851–1930)",Vincent van Gogh,1889,The Metropolitan Museum of Art,Oil on canvas,,"The Walter H. and Leonore Annenberg Collection, Gift of Walter H. and Leonore Annenberg, 1996, Bequest of Walter H. Annenberg, 2002",https://www.metmuseum.org/art/collection/search/437984,"La Berceuse (Woman Rocking a Cradle; Augustine-Alix Pellicot Roulin, 1851–1930) by Vincent van Gogh. Date: 1889. Medium: Oil on canvas. Culture: . Credit line: The Walter H. and Leonore Annenberg Collection, Gift of Walter H. and Leonore Annenberg, 1996, Bequest of Walter H. Annenberg, 2002."
ref_vangogh_met_comparanda_005,ref_vangogh,met_api,comparanda,neutral_background,case_starry_night,Irises,Vincent van Gogh,1890,The Metropolitan Museum of Art,Oil on canvas,,"Gift of Adele R. Levy, 1958",https://www.metmuseum.org/art/collection/search/436528,"Irises by Vincent van Gogh. Date: 1890. Medium: Oil on canvas. Culture: . Credit line: Gift of Adele R. Levy, 1958."
ref_vangogh_met_comparanda_006,ref_vangogh,met_api,comparanda,neutral_background,case_starry_night,Madame Roulin and Her Baby,Vincent van Gogh,1888,The Metropolitan Museum of Art,Oil on canvas,,"Robert Lehman Collection, 1975",https://www.metmuseum.org/art/collection/search/459123,"Madame Roulin and Her Baby by Vincent van Gogh. Date: 1888. Medium: Oil on canvas. Culture: . Credit line: Robert Lehman Collection, 1975."
case_widows_supper_primary_001,case_widows_supper,fictional_case_document,primary_record,neutral_background,case_widows_supper,"The Widow's Supper — sale record, 1952",Cornelis van Leyden (attributed),1952,"Van Doren Gallery, Amsterdam",Oil on oak panel,,,,"In March 1952, the Van Doren Gallery in Amsterdam announced the acquisition of a previously unrecorded panel painting, The Widow's Supper, attributed on stylistic grounds to the minor Dutch Golden Age painter Cornelis van Leyden. The gallery described the work as a significant addition to van Leyden's small surviving oeuvre, noting its accomplished handling of candlelight and domestic interior space. The panel was sold later that year to a private Rotterdam collector for an undisclosed sum reported to be substantial."
case_widows_supper_technical_001,case_widows_supper,manual_verified_source,technical_fact,supports_forged,case_widows_supper,"The Widow's Supper — forensic paint analysis, 1961",Cornelis van Leyden (attributed),1961,,,,,,Chemical analysis of paint samples taken from The Widow's Supper identified phenolformaldehyde resin used as a paint hardener throughout the ground and upper paint layers. Phenolformaldehyde resins are a synthetic material with no known production before the early twentieth century; their presence is inconsistent with a paint layer of genuine seventeenth-century origin. The finding was independently confirmed on a second sampling pass before being disclosed to the painting's owner.
case_widows_supper_primary_002,case_widows_supper,fictional_case_document,primary_record,supports_forged,case_widows_supper,"The Widow's Supper — exposure record, 1961",Aert de Wilde,1961,,,,,,"Following the 1961 forensic finding, the owner of The Widow's Supper commissioned an independent inquiry, which traced the work's creation to the painter and restorer Aert de Wilde. De Wilde admitted to having painted The Widow's Supper and at least three other panels sold as rediscovered van Leyden works between 1951 and 1954, stating he had developed the hardening technique specifically to defeat the solvent-based authenticity tests used by dealers at the time."
case_widows_supper_expert_001,case_widows_supper,fictional_case_document,expert_opinion,red_herring,case_widows_supper,"Authentication essay on The Widow's Supper, 1952",Cornelis van Leyden (attributed),1952,,,,,,"Writing shortly after the painting's appearance on the market, the period connoisseur Willem Anthonisz described The Widow's Supper as 'an unmistakable and moving addition to van Leyden's regrettably slender output,' praising in particular its handling of light and its 'unforced, wholly period sensibility of composition.' Anthonisz's essay was widely cited by dealers as the painting changed hands over the following years."
case_widows_supper_provenance_001,case_widows_supper,fictional_case_document,provenance_record,red_herring,case_widows_supper,The Widow's Supper — claimed ownership history,Cornelis van Leyden (attributed),,,,,,,"The Van Doren Gallery's 1952 catalogue entry described The Widow's Supper as having descended within the Brandt family of Utrecht since the eighteenth century, passing by inheritance until its 'rediscovery' in a family estate sale. No inventory, estate document, or family correspondence supporting this chain was ever produced when later requested by researchers; the Brandt family named in the catalogue has not been traced."
case_blue_horses_primary_001,case_blue_horses_dusk,fictional_case_document,primary_record,neutral_background,case_blue_horses_dusk,"Blue Horses at Dusk — sale record, 2003",Heinrich Moll (attributed),2003,"Auktionshaus Reiner, Cologne",Oil on canvas,,,,"In autumn 2003, Auktionshaus Reiner in Cologne sold Blue Horses at Dusk, catalogued as a previously unrecorded 1914 work by the German Expressionist Heinrich Moll, for 2.4 million euros to a private European collector. The catalogue described the painting as a rare survival from Moll's brief and celebrated pre-war period, consistent in palette and subject with his known 1913–1914 output."
case_blue_horses_technical_001,case_blue_horses_dusk,manual_verified_source,technical_fact,supports_forged,case_blue_horses_dusk,"Blue Horses at Dusk — pigment analysis, 2014",Heinrich Moll (attributed),2014,,,,,,"Pigment analysis of Blue Horses at Dusk identified titanium white in several areas of the sky and horses' coats. Titanium white was not commercially available as an artist's pigment until the early 1920s. Its presence in a paint layer throughout the composition, rather than as a later restoration retouch, is inconsistent with the painting's claimed 1914 date of execution."
case_blue_horses_primary_002,case_blue_horses_dusk,fictional_case_document,primary_record,supports_forged,case_blue_horses_dusk,"Blue Horses at Dusk — exposure and conviction record, 2014",Lukas Herrmann,2014,,,,,,"Following the 2014 pigment finding, investigators traced Blue Horses at Dusk and several related 'rediscovered' Expressionist works to the painter Lukas Herrmann, who was subsequently convicted of forgery and fraud. Herrmann stated during proceedings that he mixed his own pigments to avoid detectable modern materials, but had on this occasion used a commercially purchased white paint without verifying its composition."
case_blue_horses_provenance_001,case_blue_horses_dusk,fictional_case_document,provenance_record,red_herring,case_blue_horses_dusk,Blue Horses at Dusk — claimed family provenance,Heinrich Moll (attributed),,,,,,,"The 2003 sale catalogue stated that Blue Horses at Dusk had been held since the 1920s in the collection of the Herzfeld family of Düsseldorf, supported by a photograph reportedly showing the painting hanging in a family sitting room in the 1930s. The photograph, later examined during the 2014 inquiry, showed signs of artificial aging inconsistent with its claimed date, and no independent record of the Herzfeld family collection has been located."
case_blue_horses_dealer_001,case_blue_horses_dusk,fictional_case_document,expert_opinion,red_herring,case_blue_horses_dusk,"Auction house attribution report, 2003",Heinrich Moll (attributed),2003,,,,,,"Auktionshaus Reiner's 2003 pre-sale attribution report concluded that Blue Horses at Dusk was 'stylistically unimpeachable as a work of Moll's 1914 period,' citing brushwork and palette consistent with two comparably dated, securely attributed paintings. The report did not include pigment or materials analysis."
case_starry_night_technical_001,case_starry_night,manual_verified_source,technical_fact,supports_authentic,case_starry_night,The Starry Night - pigment analysis,Vincent van Gogh,,,,,,,"Pigment analysis of The Starry Night, conducted through a collaboration between the Museum of Modern Art and the Rochester Institute of Technology, identified ultramarine and cobalt blue in the sky, chrome yellow and zinc yellow in the stars and moon, and emerald green in the cypress tree. All pigments identified were in ordinary commercial use well before 1889, consistent with the painting's documented date of execution. No material inconsistent with a nineteenth-century origin has been identified."
